{
  "run_id": "demo_20260216_222925",
  "check_id": "robust_zscore_cp_corp",
  "strategy": "robust_zscore",
  "backend": "local",
  "reference_start": "2019-01-01",
  "reference_end": "2024-12-31",
  "params": {
    "strategy": "robust_zscore",
    "logistic_k": 1.0,
    "rolling_window": 260
  },
  "stats": {
    "strategy": "robust_zscore",
    "median": 0.6798378331431392,
    "mad": 0.43526962640385547
  },
  "config_hash": "3e9feef93fb14855021da0e15d59d795cb3e77df4f91a831b9613a55baa20db1",
  "model_version": "1.0.0:robust_zscore_cp_corp",
  "state": {
    "strategy": "robust_zscore",
    "median": 0.6798378331431392,
    "mad": 0.43526962640385547
  }
}