{
  "run_id": "layer6_demo_20260221_224155",
  "check_id": "robust_zscore_cp_corp",
  "strategy": "robust_zscore",
  "backend": "local",
  "reference_start": "2024-01-01",
  "reference_end": "2024-03-29",
  "business_date": "2024-03-29",
  "params": {
    "strategy": "robust_zscore",
    "logistic_k": 1.0,
    "rolling_window": 260
  },
  "stats": {
    "strategy": "robust_zscore",
    "median": 0.6775967069666158,
    "mad": 0.5287167573611296
  },
  "config_hash": "3e9feef93fb14855021da0e15d59d795cb3e77df4f91a831b9613a55baa20db1",
  "model_version": "1.0.0:robust_zscore_cp_corp",
  "state": {
    "strategy": "robust_zscore",
    "median": 0.6775967069666158,
    "mad": 0.5287167573611296
  }
}